Actual,Predicted
0,0.047822959589388175
0,-0.030767763100739684
0,0.08875768390047381
0,-0.010645528412436406
0,0.01619495845626928
0,0.051473301806345184
0,0.007781132028755244
0,-0.030715652104556262
0,0.10126126448889503
0,-0.00898135378700926
0,0.04171275219305695
0,0.09941494959594038
0,0.13201579152350004
0,-0.0137361289202962
0,0.05169449113677527
0,-0.009512902606756718
0,-0.005682712394696421
0,0.10035552023741462
0,0.06528796904896736
0,0.013342555066906375
0,0.12635422602091237
0,0.035412375602096785
0,-0.019167702896083008
0,0.06268736104268541
0,0.07849427103830778
0,0.08841526162666066
0,0.14407300198920683
0,0.17073170336902785
0,0.019604425652898855
0,0.04726107427463208
0,0.16756095758933445
0,0.05088837047034553
0,0.07378507016893804
0,-0.026550614390356414
0,0.1416417441406159
0,0.011608983365961889
0,-0.00461880038350411
0,0.0005860757987116161
0,0.014448348707258168
1,0.1018515359827522
0,2.40824817989288e-05
0,0.10992411022271956
0,-0.009915878276312434
0,-0.0017067653868121369
0,0.07710922069096307
0,0.037424845538840734
0,0.08918815965973487
0,0.13757725838984838
0,-0.04195169479084422
0,0.06177140888864674
0,0.0067252253503707615
0,0.0606592575290581
0,-0.03011868087804412
0,0.004006585990616124
0,0.00042385564558419797
0,0.1327170390843048
0,0.03609615723262913
0,0.13005528484722703
1,0.0847676188065506
0,0.007573567516364371
1,0.2791283770895695
0,0.026820439115655265
0,0.14457218947073
0,0.01935013595836932
0,0.1078035357758998
0,0.037153378977239526
0,0.04826690808948736
0,0.03844161725171674
0,0.056782873073167456
0,0.07127431580934751
0,0.049664063898694266
0,-0.007933331117417272
0,0.07373746247833346
0,0.0745843194773359
0,0.053894796166774256
0,0.10661209917172301
0,-0.01625715817881232
0,0.17719964220476922
0,-0.02365155876507659
0,0.054253592720428206
0,0.136801971490523
0,-0.0033081718679315447
0,-0.030840822769115664
0,-0.02586238278234547
0,-0.004398026282631293
0,0.18693386629723766
1,0.2558660604266465
0,0.0321028625394556
0,0.07110169299861235
0,-0.034918812120393036
0,0.03182168912793626
1,0.12491393865692724
0,0.12577586885982808
0,0.060318790881547235
0,0.05319660825596956
1,0.1742563407689647
0,0.12265962455098126
0,0.010790195079456666
1,0.24922707464261593
0,-0.024883714593807796
0,-0.015040647769211421
0,0.1265035299663909
0,0.10058469935420791
0,0.0678862388845565
0,-0.030942631118695288
0,0.2503663085012826
0,-0.0372300313225393
0,-0.050335974598796324
1,0.0934595524107103
0,0.06884368798148377
0,-0.025264730871468175
0,-0.021961849631776956
0,-0.019777071672745686
0,-0.016522550605081218
0,0.011289921733147912
0,0.0665043357808113
0,0.04632460003790728
0,0.07995033244065905
0,0.1022214221300013
0,-0.013186581522288035
0,0.11040631061324496
0,0.18057367869092397
0,-0.020800964379580705
0,0.10010526822667906
0,0.07669041800014278
1,0.15521386286993474
0,-0.02156205753146495
0,-0.021609917647327503
0,-0.009914257472306856
0,0.0540083130040184
0,0.11297941819812268
0,0.16802587759175966
0,0.019579176933614467
0,-0.009533928987423113
0,0.17637474316117804
0,0.14350020996252064
0,0.021923762815817954
0,0.09581689998731027
0,-0.03336376932599398
0,0.03682434064759563
0,0.16622220832016874
0,0.006572968925781825
0,-0.019670452440008604
0,0.027226011649117948
0,-0.04925828313878053
0,0.018902696366442984
0,0.041484497671609916
0,-0.037686559401632694
0,0.1203069995659519
0,-0.03257177320701843
0,0.00838314086017064
0,0.1534764519279885
0,-0.02639301554864268
0,0.007848635932557857
0,0.019190855384166983
1,0.11128180952068292
0,0.022395565705843085
0,0.18006794503630333
0,0.007422832705928251
0,0.0017676961680004183
0,-0.027707342376148025
0,0.027176734498708804
0,-0.0021019867031923656
0,-0.008189630816526475
1,0.17476328002326216
0,-0.007406877297258058
1,0.17039939694697145
1,-0.005120329515199085
0,0.04516831476756927
0,-0.06539838115162581
1,0.14613022162808956
0,-0.009585007288987688
0,0.23040498986335542
0,0.1496016515903201
0,-0.05753170077171778
0,-0.01157500796703645
0,0.08672576495173501
0,0.02948545570599745
0,-0.00479058390928537
0,0.13041928811288547
0,0.029803021157982668
0,-0.07574942557202535
0,0.08715439431819677
0,-0.03628515304601926
0,0.17578053953596554
0,0.18026712357711075
0,0.15589768335196832
0,0.15530494509872386
0,-0.021100561479851676
0,0.18110624984495113
0,0.007378399022245213
0,0.1392273282094494
0,0.17350528976795157
0,0.020296483808510624
0,0.1681437740406854
0,0.046876780310977584
0,-0.016821476148156392
0,0.014656734745337074
0,0.17066815377748282
0,-0.009294304901909162
0,0.010926518514367684
0,-0.022585568295404354
0,0.017343139127702883
0,-0.012602971360431897
0,-0.003778758184003861
1,0.16017442361712128
0,0.003796070473750468
0,0.10800598287030794
0,0.06116328877158844
0,-0.03167430230448255
0,0.06126168382153227
0,0.12035134670789621
0,0.14788981499447482
0,0.01889731249218718
0,0.15060543029984505
0,0.08460115113105365
0,0.157787515790573
0,0.07848946138453872
0,-0.01273131676407177
0,-0.013409114984442097
0,-0.06060607655148072
1,0.16284658047850994
0,-0.05555543002511891
0,-0.03370377982121725
0,-0.03534831868610211
0,-0.011536167195680874
0,-0.017573764758788704
0,0.01863941811644987
0,0.08352292941619588
0,0.11722577355807981
0,-0.023997185148342787
1,0.10680915295823565
0,0.07260271675394114
0,-0.01728280990177483
0,0.061792737966488015
0,0.042064395460895826
0,0.011660566019223606
0,0.08193957373754635
0,0.021350492876575894
1,0.14788739041875346
1,0.028187329289893398
1,0.14354439865703164
0,0.09629084749812683
0,0.005204705308513635
0,0.1534057561305516
0,0.098637305477588
0,-0.015842227994737085
0,0.1360960982445358
0,0.05615773528371942
0,-0.009343566032951195
0,0.009470559487621155
0,0.004326133538389176
0,0.007939904501960804
0,-0.006429121428280948
0,0.09296324552188567
0,0.029408234891411367
0,0.17215209944296686
0,-0.01582447009702806
1,0.15803208542195682
0,-0.04019524456805927
0,-0.036490526335264006
0,0.11250483665147115
0,0.12178258142433304
0,-0.04585968849273407
0,0.08307251283324096
0,0.07719505212173608
0,0.0004288289238525006
0,-0.02244718059388992
0,0.006432827891510229
0,0.21772475575290992
0,0.07544541545586761
0,-0.03399830779877196
0,0.202164417908308
1,0.09144794816610302
0,0.12751736938398459
0,-0.014690036270145673
0,0.08420247222572178
0,0.055321841848488096
0,-0.04527123876209235
0,0.12051212533926581
0,0.2050481578345674
0,0.016182488862302224
0,0.0031921350308778684
0,-0.011922056848002363
0,0.17379261576532493
0,0.024840747015548503
0,-0.059567729088781704
0,0.07411878790660226
0,0.17828113919830538
0,0.05711329648439217
0,0.15384533970875383
0,0.0847455268447333
0,0.04630516033146581
0,0.1232873818729057
0,-0.03959104227915207
0,0.0273551156873712
0,0.0729442931214431
0,0.038898668618488896
0,0.04844186137005635
0,-0.056609624164112124
0,0.07394989062570004
0,-0.03459690716792764
0,0.15879930923613952
0,0.0025287379818200173
0,0.13768451915660843
1,0.03333437445713633
0,0.03008402426848436
0,0.14641566978177153
0,0.06220052126821077
0,0.037650150176563896
0,0.0021723575495227188
0,0.16582080330223473
0,0.0514759279868518
1,0.16682829171386013
0,-0.028523607925699107
0,0.05363219900970864
0,0.014204651633156706
0,0.09896715447153742
0,0.0807989380088883
0,0.012053929591306717
0,0.053842331632272256
0,0.1436502031570304
0,0.0484481965686889
0,-0.03683025365514506
1,0.13833892467661654
1,0.17024955954954177
0,0.05469999086975416
0,0.06362884591788848
0,0.02557815129494853
0,0.060029015766787014
0,0.16193566124427985
0,0.01881564528125143
0,0.05480542821092271
1,0.1283218482454261
0,0.18907922365747934
0,0.11470190577341044
0,0.0647016419998388
0,0.00046514738055321303
0,-0.04635481530169283
0,-0.019854072027180647
0,0.0996216647538411
0,0.1144382109050529
0,0.11384202566064644
0,0.1083996490718519
0,0.0057476939597542465
0,0.18510705068840935
0,-0.03573368073797861
0,0.07765621757446417
0,0.06468223252628166
0,0.04901868168562845
0,0.008798900898661727
0,0.15450820192491674
0,0.020175594924275453
0,0.016790226183452744
0,0.19067108354183246
1,-0.001794599992354956
0,0.18291578054708493
0,0.010530789249101807
0,0.13324629017505993
0,0.136193106149721
0,-0.028026613206962106
0,0.0898556096859886
0,0.025927977204515867
0,0.12683682957818695
0,-0.05225468053856991
0,-0.011279985090424965
0,0.016631571664832756
0,0.019372207393433427
0,0.08962839305842288
0,0.10944895031111512
0,0.09499412683215008
0,0.04489333059848011
0,0.13955081173164455
0,-0.036410780638732834
0,0.08006274066834526
1,0.13256244424654537
0,0.003259320275191019
0,0.08784183651998573
0,-0.047324805319823346
0,0.0336921243739467
0,0.024765401963224604
0,0.0035300004223779158
0,0.023392423684242908
0,0.03902767556970843
0,0.020354951508421842
0,0.15739069536600744
0,0.1438293029775319
0,0.042837521394881006
0,0.09090164997468889
0,0.046347897818176
0,0.06723477884305759
0,0.003082478435604885
0,0.016695762715827234
1,0.1797963097126851
0,-0.0287632919141778
0,0.04491230495579257
0,0.1311488555405754
0,0.03128048484124027
0,0.2619083712813871
0,0.21918355470198594
0,0.05510070965384231
0,0.03383971898108881
0,0.0795587416311094
0,-0.02519934067412044
0,0.06993138477928021
1,0.19473411394773868
0,0.1896325218037768
1,0.12296324332654207
0,-0.03236369224295399
0,-0.022626070867491688
0,-0.023778663553944646
0,0.010369955624094623
0,-0.005640007609374498
0,0.0006108719729061157
0,0.1206330723684565
0,0.010512985652990886
0,0.11961207912259558
0,0.007929044318016054
0,0.14602742059946786
0,0.08012044114744621
0,0.05995733271348608
0,0.13539065003874154
0,0.17314427141593933
0,0.05174875930256809
0,0.05211086167686252
0,0.09101804429165322
0,0.12033846560919856
0,0.10944833860006559
1,0.18976707131790407
0,0.007604842736260442
0,0.22244785203460885
0,-0.019850087959504548
1,0.05108130367841518
0,-0.020854051548392927
0,0.03734983208109374
1,0.1341956125716762
0,0.07283745668113481
0,0.054195699060562375
0,0.21060145887507956
0,0.020814703281047703
0,0.05174688999868912
0,-0.05098281285182103
0,0.0336984377276239
0,-0.008663191926485486
1,0.06500799983724434
0,0.1391968836554656
0,0.021506939916141804
0,0.035750194724442574
0,0.00843231880574169
0,0.04536233675837342
0,0.07060805441590634
0,0.08502233841327647
0,0.23801689522885613
0,0.20957664279830665
0,0.09561279828302108
0,-0.04341735434909562
0,0.02666325012745238
0,-0.015384937033220303
1,0.034631445318157095
0,0.053597952523730036
0,0.04112408030394113
0,-0.017612191385969464
0,0.05907946782605439
0,-0.02626880319595032
0,-0.03022573194921742
0,0.16537606326257223
0,0.1730300670142735
0,-0.023412040299076342
0,0.17629755682993978
0,0.06155844696549348
0,0.1569143358888521
0,0.03642502056372551
0,0.010254129577552284
0,0.17040530298286158
0,0.07698173854189638
1,0.09015628118636904
0,0.021883081316954323
0,-0.06425874304387322
0,0.11589367357897912
0,0.08820807850328341
0,0.11997510895470934
0,0.0686850064135863
0,0.05609992851230006
0,0.06348438686480334
0,0.08712708589453633
0,0.13141337973077152
0,0.08992609432891074
0,0.06736691196104208
0,0.053915883589537306
0,0.1793967258580206
0,-0.00749534178045648
1,0.1911191358323325
0,0.09547119719841193
0,0.02782580234530513
1,-0.035295639609713395
0,0.01686195340424662
0,-0.011631257060027128
0,0.04924765847323884
0,0.10950866295417583
0,-0.014458252083462159
0,-0.01887572432951777
0,-0.003668226852441697
0,0.02659832449207955
0,0.203082184799211
0,0.00636827456576064
0,0.13799926231207546
0,0.06772736909098906
0,0.03800258058915251
0,0.07127767786117511
0,0.0763158272624
0,0.05512239822617085
0,0.0674198352466884
0,0.13712989105235193
0,0.081764647614253
0,0.1641393773045088
0,0.15677154874103874
0,0.01185743264037098
0,0.014457927409665644
0,0.09954990872275196
0,0.13492046489035872
0,0.012047098871685341
0,0.11987170868354077
0,0.04113244489097398
0,-0.031148964836959198
0,-0.005796180527993994
0,-0.00014202274721857033
0,0.028466234913332028
0,0.016705477779270228
0,0.04280835102625849
0,-0.022436021992380678
0,0.025190594649526554
0,-0.022385451110870397
1,0.19874043328238702
0,0.03233917918716697
0,0.0649210103287082
0,0.04881221436099176
0,0.027360463296864812
0,0.062216420325130584
0,0.10600304059715307
0,0.019936237240972404
0,-0.024203237046633727
0,0.12309296188113081
0,0.11267164177258948
0,-0.015888368971349223
1,0.15131782919143918
0,0.06435841941348633
0,0.02279957071685157
0,0.11092341842353445
0,0.1314887575800102
0,0.044518035351624435
0,0.018287877125821556
0,0.08792335742889748
0,0.1844530507265373
0,0.03388944129241886
0,0.09383357355383629
0,0.030459574136838197
0,0.0014131685387145793
0,0.021816106700908028
0,0.00630454621382201
0,-0.06462613849298163
0,0.0623510447828009
0,0.009723318499839012
0,0.0044802411080683835
0,0.026371897423803414
0,-0.01841057865863084
0,0.07627990269355994
0,-0.02676009175346543
0,0.10809521127888283
0,0.07743721579787041
0,-0.008207134365769683
0,0.10048754858080419
0,0.050501568493169835
0,0.06615866297699344
0,-0.01784239952650589
0,0.018307379553023445
0,0.037742645408504694
0,-0.029385711499122474
0,-0.0556730621259485
0,0.052339787333440024
0,0.05794360024301912
0,-0.00010689554764341247
0,0.030034566324675716
0,-0.027283774806617922
0,-0.008936591027224286
0,-0.028242717095686168
0,0.1004534094528998
0,-0.008126320215535776
0,0.260900857296398
0,0.06419535584071429
0,-0.019158157809334414
0,0.12488417923907508
0,-0.009757651901824205
0,-0.04773907325225622
0,0.165760715121989
0,0.02405483802047556
0,-0.038395239247397794
0,0.050654554389683526
0,0.14438829056407096
0,0.015240717641959972
0,0.018282185422512004
0,0.30020641982579144
0,0.11991243392822401
0,-0.048734994161237694
0,0.022211957714736413
0,0.016861093323284337
0,0.11378544108688748
0,0.03676718538823559
0,0.00894528826090113
0,0.11357861711894901
0,-0.0012656661059484847
0,-0.0017044392613110304
0,-0.026920756511559105
0,0.04824753821975941
0,0.14266142421799613
0,0.11196321051096036
0,0.097031447053949
0,0.11676583395527917
0,0.10717129236635939
0,-0.040629998472350604
1,0.15690556777455236
0,0.004476672283060479
0,-0.0408219813846635
0,0.05141096390893213
0,0.11191585694988265
0,0.09586265828139431
0,-0.0191329657225755
0,0.19855470102641956
0,-0.003014966692545362
0,0.013225643231886741
0,0.07164807802514811
0,0.14234783206538162
1,0.06170267710873048
0,-0.006732237907136521
0,0.20870193803239032
0,0.09310031877253441
0,-0.05012324012985635
1,0.23975798346781116
0,0.05874727870971597
0,0.010900783581471285
0,0.013058064779620904
0,-2.2331986010329374e-05
0,0.12283593704522403
0,-0.015491787295801918
0,0.09843117618107486
0,0.06257557440635639
1,0.18693263565529142
0,0.19901718394938286
0,0.03942938869425361
0,0.02273012677476699
0,0.024670077365689852
0,0.076456594036199
1,0.02563588931793709
0,0.10206677768059655
0,0.05059212769787308
0,0.08618332648837143
0,0.029477294660068515
0,-0.0066820393668159395
0,-0.029843713512374456
0,0.12991656258509113
0,-0.002099219685485307
0,-0.023063364858814578
0,0.040758755242207206
0,0.06728288279404951
0,0.10008584141138346
0,0.15410303646694504
0,0.08247139487000779
0,-0.027142807497259613
0,-0.05716823988832187
0,0.1375463928170708
0,0.22532721268793618
0,-0.00862924993010164
0,0.10556057361441795
0,-0.0005354689973914306
0,-0.020611311023457077
0,0.06925896293043976
0,0.04948731452038943
0,0.08424450974755743
1,0.2697849238116379
0,0.12018309953281142
0,0.04672781221484984
0,0.005689239621711473
0,-0.006917466407065961
0,0.010625762195243721
0,0.08397484115096754
0,0.08294937854809845
0,-0.04676082225586735
0,0.04114317005758847
0,-0.007145613865621639
0,0.004032863446002455
0,0.07060068669601469
0,0.009512110096222187
0,0.06865811963987217
1,0.12908193181238306
0,0.007347814180820561
0,-0.003857851036259477
0,0.0637967768958081
0,-0.008693986888318572
0,-0.019530656285428827
0,0.1377724563093161
0,0.0009600342292866021
0,0.06030539502707316
0,-0.0200252949444569
0,0.046763310451260726
0,0.12577561192154513
0,-0.005725552561233721
0,0.07465022556343567
0,0.1328050569026417
1,0.06831906109095767
0,-0.001862729734079277
0,0.10509924475320026
0,-0.017910218002918976
0,0.0866365627802193
0,-0.003006022139352582
0,0.061365468561310976
0,0.20197929573711895
0,0.13540948097904557
0,0.07320991250807954
0,0.04351664942214356
0,0.2019684112727607
0,0.060203486632945
0,0.013122779554300551
0,-0.05190585216649918
1,0.08276875455699331
0,-0.02943246474842745
0,0.07152414599436446
0,0.11789514355624367
0,0.2103242052609581
0,0.12492800967354678
0,0.135784136744902
0,-0.014161287448721263
0,0.00707031300100161
0,0.11496612295327344
0,-0.03039851351757744
0,-0.007393218251043984
0,-0.004925824721192157
0,0.08325955933242268
0,0.02655728979873745
0,-0.030649418882419163
0,0.03785577117568381
0,0.014043027452136841
1,0.14388602197825565
0,0.15841841900075124
0,0.019475989750569217
0,0.11721120297416562
0,-0.03540880228670695
0,0.18287665821121143
0,-0.00796780153296664
0,-0.059201501648083535
0,0.02222296188882178
0,0.005060955029762532
0,0.04564918776598953
0,0.02535597599339523
0,0.019342054318323643
0,0.1633326317601497
0,0.03101791610805793
0,-0.001727739412081486
0,-0.0013972754098487694
0,-0.003455711285925797
0,0.2716570636298742
0,0.00684797725661121
0,0.04382392621665607
0,-0.033940944613965365
0,0.17347015501225546
0,0.04627068686109484
0,0.06329218534524911
0,0.05139639914242039
0,0.11991502846095695
0,0.15646586202368848
1,0.2473092712086892
1,0.18472616906077513
0,0.051307233235666966
0,0.03120047098954859
0,0.0443822298568341
0,0.11545804503679288
0,0.040287041505888466
0,0.06925761398477437
0,-0.027644680843315242
0,0.0026420279976457905
0,0.0680798754990517
0,0.08557567580101605
0,0.01051875095317642
0,0.1041258176897977
0,0.06579024457204982
0,-0.03346305809755354
0,0.13730229145410747
0,-0.05308267542551082
0,0.11378244643211963
0,0.15152385582058878
0,0.14756300970996286
0,0.03183153001124217
0,0.07234412397987622
0,-0.00400772332712554
0,0.2591588010531052
0,0.1517348855444646
0,0.15106879625784406
0,0.02561960594475224
0,0.06694755301120062
0,0.22826896538387884
0,0.1729064643239767
0,0.2023272362085344
0,0.059125226415321225
0,0.01885004685940736
0,0.05803445818569819
0,-0.014055814975373948
0,0.0641481686776541
0,0.011999020246975745
0,-0.0010993967987999453
0,-0.02811315951711288
0,0.09366224732455769
0,0.002165287853618539
0,-0.007668780855384
0,0.10143180255560522
0,0.036200269359920295
0,0.09061314755848054
0,0.08760106559264286
0,0.009703561254350485
0,0.12917424534592722
0,0.011175278142266709
0,0.018631388447263697
0,0.07989865189882042
0,-0.050426077574968114
0,0.10883199198470747
0,0.16082971205602906
0,0.035938131273155594
0,0.07526597063385138
0,-0.027488064616032426
1,0.19618378418983243
0,-0.004910824818986956
0,-0.007522631403045654
0,-0.01929272171361969
0,0.1151073924741732
0,0.15807568179578727
1,0.19185988420335995
0,0.010449038311521414
0,-0.024051425274413313
0,0.23538174924124264
0,0.04165074008038344
0,-0.009718964399688335
0,-0.00466824193467108
0,-0.029436607375116552
0,0.019888025884150812
0,-0.0007700958028253602
0,0.19909605217949236
0,0.01924650987599788
0,-0.009173538469329529
0,0.06106811142623825
0,0.14121536229195616
0,0.09337627643912835
0,0.08501625913741787
0,0.1136512910906047
0,0.13617198759946234
0,0.10879699464533166
0,-0.026718571945195307
0,0.058338743443929
1,0.06372990777588652
1,0.08887282281737865
0,0.22652071961569178
0,0.024184477364146306
0,0.14515236493568892
0,0.03475031710882637
0,0.010873758738637274
0,0.05786844048056208
0,0.005110818384497617
0,0.20987161424496145
0,0.07601608430779114
0,0.10449614349503875
0,0.1568553486631082
0,0.08582813708442918
0,-0.009856383591116985
0,0.03983899052681761
0,0.11678686465291946
0,-0.0026219979666448623
0,0.06667134600076063
0,-0.058593168836478984
0,0.006976308708017048
0,-0.0006720316053737685
1,0.02767275311821668
0,0.01117623378844923
0,0.09401389773953955
0,0.17156621392125157
0,-0.013856171425297673
0,0.07092929028007194
0,0.0693422681250124
0,0.05149927087387868
0,0.13817865436479063
0,0.0673838937587396
0,0.16221713909405697
0,0.02034251429438741
0,-0.06599020960016128
0,0.03541748985409804
0,0.039867661344334615
0,0.05922210174583167
0,0.05921566084563831
0,0.10099034094626957
0,0.05888857431207006
1,0.11654832435266174
1,0.2097392488227924
0,0.09877466059922496
0,0.05949438596452236
0,0.05590197624045343
0,0.02491919696284664
0,0.010957386588922785
0,0.008036455752024163
0,0.05986291689775852
0,0.037506341635984014
0,0.17510563053755399
0,-0.020763137894828157
0,0.1973639264661309
0,0.010873651827857045
0,0.06357368024409565
0,0.161365163600005
0,0.05735602857749031
0,0.18341861628655118
0,0.14305112668746758
0,0.0459899379721764
0,0.06755933412158086
0,0.20614614535727657
0,0.041157948636621144
0,0.01440138582266845
0,0.12586835970870464
0,0.0470535440350934
0,0.01332900110665905
1,0.15171281822324792
0,0.03171870871460103
0,-0.04698935076892617
0,0.14190055231054946
0,-0.023791897067994533
0,-0.01549372977141339
0,0.004124600140754331
0,-0.00808835409930847
1,0.17550061581823975
0,0.02649331308976305
1,0.16784516291803994
0,0.03376957088189261
0,-0.017779909669342772
0,0.20045940300529677
0,0.11822047492874752
0,0.12974977220032882
0,0.1155438805612507
0,0.06130104865643313
0,0.09411277560397366
0,-0.02445102140306367
0,0.07415014223719879
0,0.08877588023109667
1,0.1837330414290869
1,0.14210687912947415
0,-0.01660576548662944
0,0.0161331112625977
0,-0.003657202899680384
0,0.009456624481314013
0,0.009592106606567424
0,0.14222800239799813
0,-0.003279363339303412
0,0.026869399666282545
0,0.0029757371001119803
0,0.04898053764342436
0,0.04173944125464632
0,0.04522644607901344
0,0.1911938119906079
0,0.010768003248630753
0,-0.05110133438675214
0,0.07659815646863263
0,0.014396435103110006
0,0.03291443463163632
0,0.06378999647967001
0,-0.013499543283125193
0,0.12064205038496295
0,0.005221239549229456
0,-0.0006743166923155186
0,0.030611376922712874
0,-0.04260989654312963
0,0.022514867674387345
0,0.025299179762749424
0,0.017526480469563427
0,-0.016612671748485075
0,0.007097582072149888
0,0.023589007692317365
0,0.15693064346812416
0,-0.041756909169846396
0,-0.006113444021191156
0,0.004258017355321886
0,0.006616200032423414
0,0.0315390796937258
0,-0.05313758760074837
0,0.009798286384085142
0,0.05075604479172832
0,-0.05028518682335312
0,0.027086426811564784
0,-0.06444404418173069
0,0.15510086195428732
0,0.015401734690813296
0,0.07153089233692078
0,0.06367654167172482
0,0.04530203871122829
0,0.12407921366428912
0,0.09103659462985117
0,0.029736495540233304
0,0.10496569758480084
0,0.15472572545150756
0,0.09800246797165144
0,0.04453156321827628
0,0.06928546608006583
0,0.08709958840965701
0,-0.009815484522671572
0,0.09403891866782865
0,0.10960437446888974
0,0.22796767908069707
0,0.2111885385423641
0,0.10871472160984313
0,0.058838643586815925
0,0.020435279166442083
0,0.05214550387551534
0,0.018770133701578567
0,0.025543764853847628
0,0.09493132387653658
0,-0.004028179826201822
0,0.059311560315903594
0,0.15069066003808954
0,0.024973255178746656
0,0.014266366389899032
0,0.07911783672260464
0,0.06621598316375074
0,-0.014271254285979043
0,0.1050197714572037
0,0.05030651038519646
0,-0.017003874985485654
0,0.10726025478882739
0,0.025975449890901003
0,-0.01924107197868377
0,-0.014409418745828836
0,0.11025853836582122
0,0.03039895992411773
0,0.17746603898012295
0,0.1435932051737425
1,0.15381388048897918
0,0.010870606957137208
0,0.029237316220985687
0,0.024085372296004326
0,0.11170372936910603
0,-0.032605765845542006
0,0.02081262215505994
0,0.22752416596871436
0,0.03937092222349681
0,-0.017478068790895904
0,-0.009978594506321714
0,0.02576823663161032
0,-0.05567095448986914
0,0.01646603172941488
0,0.016010701593793253
0,0.15076030990940523
0,-0.018262919415281798
0,0.02248612512948525
0,-0.042149151574238236
0,0.03208192622961034
0,0.0010041198309446442
0,0.04325813707723214
0,-0.010129517402269958
0,0.18297101304163735
0,0.08447835561611938
0,0.05354669469973011
0,0.07131599384084186
0,-0.051766449039483825
0,-0.015018914734207175
0,-0.021775606918644164
0,0.000675209696959056
0,-0.00831546152932297
0,0.04536506407693522
0,0.11759169543774181
0,-0.03833509963564283
0,0.14800663787437654
0,0.09013880532487031
0,0.0034124886704409163
0,-0.03577852801790024
0,-0.023881422592858068
0,0.02231858774734527
0,0.011548572962084197
1,0.1458263346137552
0,0.0785246977589738
0,0.056842094917194025
0,-0.004277458479636509
0,-0.026354638651780463
0,0.017358515460257573
0,0.020040645817942848
0,0.026530810280376432
0,0.04586521976560018
0,0.12338691685629963
0,0.003142235093077622
0,-0.03998142699071566
0,-0.07498176767886541
0,0.12086538962098609
0,0.008001254139930608
0,0.044853815450309725
0,-0.022705423162187655
1,0.20004869971159603
0,0.049148275538973246
0,0.0401510214185726
0,0.20753464920862078
0,0.17405332551635364
0,-0.013426869809778683
0,0.05465828534957534
0,0.030632165826439045
0,0.09681963858636325
0,0.20582741157838733
0,0.037844075999641014
0,0.06087649187101732
0,0.06723003712413303
0,0.22284575872833548
0,-0.004979106327744162
0,-0.0348372073860502
0,0.07732159792728002
0,-0.007676459621647869
0,0.09309681885401425
0,-0.012775339228865451
0,-0.04069366295151999
0,-0.022588019555478817
0,-0.030522413297110973
0,-0.03635412790096276
0,0.05935716138509506
0,0.14197506822878378
0,0.016846093836806603
0,0.04893172471823162
0,-0.026721795048362224
0,0.03108459635531327
0,-0.002093781883347634
0,0.007748093560500324
0,0.18980869043941587
0,0.09692085646042642
0,0.04074054291862986
0,0.15352873846498358
0,0.02082441118520645
0,0.056069732385047505
0,0.1968378510297711
0,0.18838096973829768
0,-0.031581104966490275
0,0.05628992455844714
0,0.04423517461956222
0,0.17837914546720315
0,-0.025696854458948065
0,0.09879707479398456
0,0.028289990992489883
1,0.13257928195831484
0,0.009064149898882712
0,0.007999110512121321
0,0.11366490315929142
1,0.15388478084145304
0,0.10337351991739749
0,-0.020996625858588344
0,0.10884010588154908
0,0.09409919559750979
0,0.23939989291130162
0,0.18892942167006946
0,-0.04178212393114411
0,0.00421600867122543
0,-0.009333593150970487
0,-0.03246191485260101
0,0.08024710387338638
0,0.08142836203287646
0,0.002186307885583494
0,0.013569016464595823
0,0.23701655950617798
0,0.0016217512722751515
0,-0.02333781431285188
0,-0.02729074388143285
0,0.04410658130292075
0,0.04854107237814689
0,-0.0033319113116052207
0,0.0029326362788368032
0,-0.011744766071377671
0,0.08898464094279837
0,0.18786558955376978
0,-0.041889716023641374
0,0.04417036214021716
0,-0.042526336463278136
0,0.027559717948121565
0,0.023271907239591744
0,0.1298201464848562
0,0.11996119114539869
0,0.029356714586581678
0,0.056122278110862456
0,0.14148415210905277
0,0.0803861523231853
0,0.03513767490353259
0,-0.008114874043478909
0,-0.045981045459888764
0,-0.03432053600619098
0,0.11859568200763934
0,0.14977863621251106
0,0.02038198747130504
0,0.040265563311321306
0,0.09429325177775724
0,0.056983616327672876
0,0.024763489661296323
0,0.2093433711565694
0,0.13412727983453612
0,0.0475916379586889
0,-0.052382197312232676
0,0.03004327027356063
0,0.09036409124119016
0,-0.0068908373784020704
1,0.115834132597255
0,-0.020332780965691744
0,-0.014760721569478788
0,-0.0424598292245347
0,0.15796693090196443
0,0.18065937768803383
0,0.03586653088178787
0,0.04779504894922629
0,-0.009339324933891474
0,-0.054576782630766235
0,0.04319102705782002
0,0.025289055645090847
0,0.03862465948068117
0,0.13698847873947748
0,0.13965843762000799
0,0.029841879350567313
0,0.011572475938200738
0,-0.028626077794762173
1,0.1582228218330012
0,-0.037578782873250435
0,0.17945405348147966
0,0.11806916153094937
0,0.23116668707757096
0,0.021225847102099626
0,0.13748061553914528
0,0.0956248072033499
0,0.05235387280370446
0,-0.04880257008760816
0,-0.021990519071774323
0,0.128368110903773
0,-0.025663098216306135
0,-0.011437622270345449
0,0.02963899744852999
0,0.052370773035630286
0,-0.008698054290106616
0,0.028948958719850065
0,0.007288196020643289
0,-0.013561603269737266
0,0.07734938499406577
0,-0.028702395300158307
0,0.011239496965896961
0,0.10194774237057183
0,0.15685269513510922
0,-0.021259733363137592
0,0.10031587975478068
0,0.028422035647327676
0,-0.014872693264594561
0,0.3140747738286722
0,-0.007695056709018183
0,0.10977474346556002
0,0.01623322361199303
0,-0.006899446225315742
0,0.12134337765284106
0,0.070504272230307
0,0.16366772144955274
0,0.03613483036023171
0,0.1230906301131228
0,0.0697702833402509
0,0.024811044124066373
0,-0.04707660928409925
0,0.07356746702573444
0,0.11951777011925399
0,0.13489147802184967
0,0.016681133618609123
0,0.14069429556277516
0,0.017819294923784285
0,0.035772575346466856
0,-0.0005131616371682607
0,-0.036043982582105574
0,0.013862897941282898
0,-0.038624764765375894
0,-0.022458638187750582
0,-0.03943041584552821
0,0.1386727494771722
0,0.052684498367650656
0,0.006861492109902223
0,-0.03614642754695169
0,0.1731054720746628
0,0.08007328948858453
0,0.04959505358112795
0,0.028571853948433812
0,0.14387633210292491
0,0.10467082492052726
0,0.031478267360625034
0,0.2764095913070975
0,-0.073610862551337
0,-0.05847963718772538
1,0.16990555533908305
0,0.10673825194937206
0,0.044665212939455884
0,0.11449643138729423
0,-0.021792893837570756
0,0.06540919101824055
0,0.06684511592034953
0,-0.030633568511820516
0,0.13416953120602856
0,-0.004708565278227508
0,-0.032637213233078985
0,0.09164211633838637
0,-0.035430102969153235
0,0.10061086248495299
0,-0.015728729651474205
0,0.009163064041189994
0,0.010392328831544062
0,0.03919983953090497
1,0.019387340421327642
0,0.17543047785515023
0,0.09016812308053965
0,0.22015518968063827
0,0.005524896405326579
0,0.05157406918030111
0,0.11541293482692425
0,-0.0034636920656643255
0,0.19806346756370755
0,0.042645007695745
0,-0.005674766458492936
0,-0.055459665980746364
0,0.09788947630371814
0,0.07123455580746058
0,0.03364958310383423
0,0.05725380691027368
0,0.017195035047337992
0,0.08472398930907865
0,0.11163650597092656
0,0.007019333425414748
0,-0.0266170613022699
0,-0.04266286441794215
0,0.058191116041671986
0,0.025395879206085936
0,0.11141207529478661
0,0.006190893310725115
0,0.06950906289537626
0,-0.021214486847773675
0,0.021199463856609452
0,0.08950437137925993
0,-0.03431881045607889
0,0.12253657732169915
0,0.04405951390964252
0,0.08156562816782903
0,0.04730389763774989
0,0.07479560847842998
0,0.10120020635603955
0,0.06664417787398064
0,0.06101661551150386
0,0.10137515145894754
0,-0.0026548690386065943
0,0.18342882968910904
0,0.282129829970979
0,0.1302449432842143
0,0.04376693707013993
0,0.056639920810841876
0,-0.03504745560830909
0,0.1090182252676708
0,-0.004234443041519376
0,0.17125818768496517
0,0.06306101025764754
1,0.13773187730657846
0,0.08319735162198177
0,-0.01140407975086978
0,0.09785949126241214
0,0.14673652252145689
0,-0.0016214641969165694
0,0.0730599037315108
0,0.16201025827719132
0,0.010357779164470587
0,0.1284792619087781
0,0.005406388404057827
0,0.039092638955766645
0,0.029754986208794687
0,0.13314413738276473
0,0.11600433319049469
0,0.1320729079945153
0,-0.00937448990263108
0,0.030901051402676738
0,-0.046329662583635106
0,0.05489775609557154
0,0.02898404335472879
0,-0.020848779427416683
0,0.10829117095651603
0,0.04743941993196943
0,0.050675811838286705
0,-0.04383993336807104
0,0.0016019959499944392
0,0.1517341608800251
0,0.05436996553229731
0,0.11177995910490066
0,0.036725796902991326
0,0.016306617753766073
0,0.0704886296164626
0,0.04759601512360137
0,0.0675136268303689
0,0.13392843404380808
0,-0.03770473189610404
0,-0.0036449309701521992
0,-0.00753271625167562
0,0.06011843230555139
0,0.08430070787395816
0,-0.03225026204712107
0,0.08668903136387127
0,0.24164213762051498
0,-0.023452810434680366
0,-0.057305110041038054
0,0.006956410352295717
0,0.0032714012089785915
0,0.18782280634842483
0,0.15599764644790406
0,0.17895229466222193
0,0.19762716461128413
0,0.026951326913102286
0,0.062237031164867895
0,0.006633536529557393
0,0.18130974973686606
1,0.25076868353849613
0,0.22423212746955587
0,0.009536174118652208
0,0.06026474080887401
0,-0.02388677802295168
0,0.21264156069707715
0,0.12722140048814864
0,0.1782918374841703
0,0.18066447435833663
0,0.05946033869849421
0,-0.021660062321024715
0,0.06197410771573761
0,0.03500942810184762
0,-0.058973163271830914
0,0.15224238813739951
0,-0.004660890778981061
0,-0.04675084493710546
0,0.11359897248377065
0,0.10274997318827075
0,-0.037221095010967584
0,-0.013760802308268677
0,0.07177675505532338
0,0.08456670872366018
0,-0.0054617901620846315
0,0.013710533174677186
0,0.0048501611994793414
0,0.1309578759515951
0,-0.049340634638639067
0,0.029321234925965195
0,-0.01807979723073065
0,0.11663400610793331
0,0.028841683465498896
0,0.004184719454418034
0,0.04406201951799385
0,0.07894152376258887
0,-0.001086784073967756
0,0.1025466319954084
1,0.034160596364476326
0,0.09485953230965893
0,0.1307646717437512
0,-0.006103648469528142
0,0.03636481078293852
0,0.2471544547772622
0,0.05316465029072251
0,0.13127909466344154
0,0.19843002802460366
0,0.17896414318300644
0,-0.002052445248418272
0,-0.029280951948279538
0,0.12966391349173548
0,0.14728717261355675
0,-0.04321775989526473
0,0.06908027863946356
0,0.0608238460167104
0,0.22630664386885344
0,-0.04676275511233817
0,0.06529608560699204
0,-0.022887707563971654
0,0.0009098253525771927
0,0.08191874563975712
0,-0.005103171951413188
0,-0.026186642613788752
0,0.005686342430143154
0,0.1314701110759832
0,0.007700499252043136
0,0.035988741350976905
0,0.14806590760868885
0,0.011355512989592753
0,0.025532072006730883
1,0.20647798400058895
0,0.11069114408189926
0,0.1693221060713597
0,0.05283129923302807
0,0.03893316264254873
0,0.03331156909391747
0,0.003031750737764488
0,0.05101164304100961
0,-0.0328920325783779
0,0.1128512285059336
0,0.14363398930879515
0,-0.011376839207944828
0,0.03698888177543108
0,0.02072726031340852
0,-0.005035194298177531
0,0.032104770196526716
0,-0.017832685567550202
0,0.14046893350599207
0,0.012047527999759722
0,-0.04300947486655851
0,0.1495903621715811
0,0.12946269385083473
0,0.11714216350644385
0,0.1588592306758059
0,0.11499018012064152
0,-0.0002343243185643218
0,-0.04534644180649393
0,-0.028639460335791164
0,-0.037739102855340184
0,0.05190991902000727
0,-0.015626273346361685
0,0.052284122356368895
0,0.06739182220530104
1,0.07550268831437451
0,0.04092050163302463
0,-0.021486333373097827
0,0.11880937960879531
0,0.17979797115621507
0,0.10024164120473736
0,-0.00401236080819406
0,0.10542993871204981
1,0.08397460308238347
0,0.15632645281972565
0,0.12243289410354341
0,0.03227377803783629
0,0.2094084697401654
0,0.02560798523455271
0,-0.029664465270244814
1,0.11331500090127908
0,-0.03411810284440367
0,-0.01244689319360573
0,0.014338792704352205
0,-0.021381104893170785
0,0.014737562442940416
0,0.03722111169906797
0,-0.024564549328790528
0,0.030253670781096614
1,0.13379516117353737
0,0.011058153667695941
0,0.07227750094464905
0,0.05322821776686326
0,-0.022655857196773613
0,0.08042828773010424
0,0.13273912236476357
0,0.13627218913233055
0,0.02310849471765089
0,-0.022636329800398536
0,0.16957865330861974
0,0.03140583542181208
0,0.20400091228986603
0,0.0900780301642306
0,0.0947560889502562
0,0.07576486895147
0,0.18520242989433025
0,0.06827793780776792
0,-0.022388776446570502
0,0.08582937830804571
0,0.09371149801302286
0,-0.01799147716753198
0,-0.008332972638735059
0,0.09667125344755084
0,0.27006541255651606
0,0.061627008706090836
0,0.04248653383689238
0,-0.03192942834053346
0,-0.008160809457384982
0,-0.050982867550275826
1,0.07568887287621395
0,0.013355985961704037
0,0.21753666468877944
0,0.2233612604883405
0,0.09388895497889968
0,0.08599481070596601
0,0.07230557056484496
0,0.06268349222580491
0,0.03288602269776056
0,0.09248384527093156
0,0.026684436270013323
0,0.11765631893473891
0,0.009796235374961992
1,0.15277761972510287
0,0.06567373249071659
0,0.0701743959061221
0,0.005546800033663618
0,0.046467709698197496
0,0.15002720148653023
0,0.09483179064481403
0,0.06404090373120344
0,0.04258367826159465
0,0.019771030991797472
0,-0.02736483867174798
0,-0.019299270295558363
0,0.11046523162324975
0,0.17433339442814574
0,0.05890372212527542
0,0.012596715766546862
0,0.13931813247739214
0,0.09085567078686693
0,0.2559410895548374
0,0.15000906603202194
0,0.005759195676430434
0,-0.001951679502487369
0,-0.002779918589646338
0,0.16022392243403324
0,0.03810889657268865
0,0.12875902284782523
0,0.10796955243854447
0,0.09940806069977359
0,-0.030760119572866132
0,0.04890663816473334
0,-0.005346254101269016
0,0.009618907015718187
0,0.08304008434961632
0,-0.020786171510701862
0,-0.023692380100341234
0,-0.017677098833831326
1,0.1634197522821398
0,0.009632159158001141
0,0.005032598390000753
0,0.1532455243563178
0,-0.023941055731641334
0,-0.005155032108787899
0,-0.012440691300869555
0,0.13745176043785443
0,0.017403610056477337
0,0.056956815601188926
0,0.048824885500733606
0,-0.046078711139380196
0,0.09537797387386587
0,0.0016191434760679801
0,0.03983439367104871
0,-0.02463990955997908
0,0.08068887914106196
0,0.13357020350407997
0,-0.020558237018446543
0,0.003664400445320737
0,0.022023730098029437
0,0.018071114209938732
0,0.007443275761322893
0,0.11214801647897674
0,0.0033942048671396774
0,-0.008609785206063647
1,0.19006610418263156
0,0.1104335149195039
0,0.08488541022981161
0,0.006166908032862489
0,0.19753733596084241
0,0.1222366183654787
0,0.022100222011607495
0,0.10012967155067243
0,0.13461116068619403
0,-0.03506782167365187
0,-0.03479602163260548
0,-0.03209571720614071
1,0.05994383432128672
0,-0.014012649290815068
0,-0.03621847338912948
0,0.07145097852189869
0,-0.03712446977702305
0,-0.030023688153226258
0,0.0674939762988721
0,-0.007461208425277144
0,0.003171261092893285
0,0.14284062349002566
0,-0.03966407290043446
0,0.024241062868130964
0,0.12806478090686538
0,0.12995371890294807
0,0.05316547272940292
0,0.035533654048916646
0,0.1248417468173399
1,0.10066304310163612
0,0.011715615906850552
0,0.16649332753498206
0,0.0001583648166166296
0,-0.002195491476661343
0,0.02142918532576904
0,0.04255984157999829
0,0.10639146948562594
0,0.06157506425043216
1,0.12532164337643686
0,0.1282236723037344
1,0.23684379548117693
0,0.14942305241888562
0,0.05331383715931365
0,0.09293299005174577
0,0.15689314431596343
0,0.1448438858480067
0,0.12838472868068293
0,0.027922438334444105
0,-0.05381531434551727
0,-0.014025048829129694
0,0.07234233006896451
0,0.14102465688113283
0,0.01665719179732919
0,-0.0020979977233449576
0,0.1577686367559706
0,0.02982402999545447
0,-0.021838249186922704
0,0.09579345635270364
0,0.06425118519420087
0,-0.03287582016137913
0,-0.00735457582537806
0,0.023243601921313445
0,0.010358120054675152
0,0.1495090839328644
0,0.10786900027270821
0,-0.004729041682194499
0,0.01877881152308608
0,0.12950251375568647
0,0.01642752236133188
0,0.02153819528239631
0,0.061223846362646356
0,0.08393548107651891
0,-0.009016513952834676
0,0.025311523264473418
0,0.23530798510663117
0,0.21249790821660056
1,0.08745553515060828
0,0.019982726731600564
0,0.23744882185837027
0,0.01655405914339425
0,0.0993489153628054
1,0.14524191384164084
0,-0.010014119024469206
0,-0.027289289511928355
0,0.08727335906522035
0,0.016144264027655758
0,-0.0176183249351394
0,0.04483771163894401
0,0.1636608995795434
0,-0.011029453424013638
0,-0.042887809961092926
0,-0.03876665933047141
0,0.08716384294513727
0,0.14124403891371853
0,0.0846980031154663
0,-0.02457011514193913
0,0.0916947198500139
0,0.03324400565473001
0,0.20553507594978923
0,0.0016362732082075837
0,0.17925360827168865
0,0.01940452513294963
0,0.09997735149724779
0,0.01951865871125774
0,0.09802340934020992
0,0.151625824151048
0,0.09627084988979628
0,-0.025463068201012268
0,0.22162313631933725
0,0.08888263628636447
0,0.045195307940479185
0,0.08702455785022961
0,0.16899335224339798
1,0.17653609922170552
0,-0.02651353964454936
0,-0.04188168659592113
0,0.010268945459006779
0,0.0031786142701853703
0,0.1307025562715303
1,0.2418089352343031
0,-0.009534377205413627
1,0.18948112062979197
1,0.22551154295676804
0,-0.008772206981209674
0,-0.020927659343660143
0,0.09749989485750984
0,0.1606462654188668
0,-0.04474283995274829
0,-0.0013350923812156523
0,0.08567954735248764
0,-0.03884795083161789
1,0.21922549722462456
0,0.0025146842324949292
0,0.09729489165980465
0,0.027036730234035106
0,0.1225006451584221
0,0.062092329454306344
0,0.010457935735075752
0,0.1827869849260029
0,0.07133548880228921
0,0.0454397969743858
0,0.040578021801519926
0,0.042904684189540104
0,0.04713855571812267
0,0.013238928689352197
0,0.0107113786936546
0,0.07126701923958628
0,0.13529687897493534
0,-0.0008215134702572735
0,0.08287013629027207
0,-0.02750559830841315
0,0.1006919023445253
0,0.00945972652467822
0,0.07479036917938667
0,-0.009169845863294043
0,-0.019286739631006383
0,0.056067568510019705
0,0.03325356454689504
0,0.03510486047538394
0,-0.03367393389726425
0,0.06147853882170054
0,-0.025434871533812964
0,0.004072282736613975
0,0.018197678621565266
0,0.13329608509021432
0,0.0649049211930044
0,-0.03598043031105126
0,0.04937075985116507
0,0.06662592992972347
0,0.05438997618698643
0,0.05964502533312707
0,-0.007884465979899127
0,0.034843793912478965
1,0.1483084550608579
0,-0.019386423867836372
0,-0.013198230721327184
0,0.01110261334697224
0,-0.011234323864919127
0,-0.015507152650100747
0,0.09117396959879179
0,0.05729362913191019
0,0.03977415598050013
0,-0.05670234395440331
0,-0.03410891852492981
0,-0.018054636408177643
0,0.20298951572422527
0,-0.03183002001007963
0,0.2178047386100195
0,0.05269026160027851
0,0.22082423108602903
0,-0.054346427960242985
0,0.034743064465092205
0,0.02467346792668418
0,0.24358630266113504
0,-0.0632610891143576
0,0.04549303714595723
0,0.15105459546687802
0,-0.009313164402003096
0,0.17749716556018927
0,0.011827338270261445
0,0.06925443598836553
0,0.017737810959354977
0,0.17649498073053446
0,0.13311668113496358
0,0.05513858638303512
0,0.015438379858407902
1,0.10864499547635897
0,0.15155594434677186
0,0.07242197198737663
0,0.062182783444360484
0,0.004600452380310843
0,0.17982721317653308
0,0.043811474122409905
0,0.1303730129163402
0,0.031438152164298266
0,0.04145096869950368
0,0.07744881367013243
0,0.00889295314836766
0,-0.009371619330411474
0,0.01363390897628114
0,0.20206378069058792
0,0.010654892449194653
0,0.07724869076969196
0,0.18614135469586754
0,0.1503005016706365
0,0.02397021424760759
0,-0.014115770112512332
0,0.13620901760091383
0,-0.02681318098855706
0,0.16139823365574482
0,0.024016704176490183
0,-0.03781311457271025
0,0.06956736619982332
0,-0.004545012579123764
0,0.03211632720202326
0,0.04453552523891488
0,-0.00010324752790644154
0,0.11772762895809033
0,0.15779236353590556
0,-0.05175803285793505
1,0.20027955369272868
0,-0.060079033889775896
0,0.18502863911192877
1,0.13159598065052427
0,0.04782055232344681
0,0.0034282972571592907
0,0.1386731895065447
0,0.03237362032672267
0,0.0878238287071218
0,0.021694829156217593
0,0.06556760380553847
0,0.004777060195795324
0,0.08901811749450314
0,0.049787897808851095
0,0.18408432726790622
0,0.04225169758766867
0,0.05681997509679479
0,0.07662549536030536
0,-0.03836360607984604
0,0.02528628409093006
0,0.06260564643669506
1,0.08064700764167115
0,0.20605681391282535
0,0.10201176970868209
0,0.17565005151021737
0,-0.016686672223983012
0,0.1432909268022113
0,-0.021723436081030223
0,-0.009409650855610574
0,0.013572216753253985
0,0.055595981659945615
0,0.06219847967614611
0,0.03888602541660485
0,-0.03903384472838678
0,-0.02881902494377836
0,0.10960789589122691
0,0.17036625570953476
0,0.030833682453667716
1,0.11715154401405062
0,0.17297984330431979
0,0.02259247212800014
0,0.004418097573974711
0,0.12677824420018335
0,0.02567347292032854
0,0.2578073787184526
0,0.2323639569521879
0,0.030435324683293075
0,-0.013669334504582131
0,0.06917712639022144
0,0.0169234868727505
0,-0.006273264984776178
0,-0.036734160360032464
0,0.02108416559768339
0,0.049748340800556595
0,0.027014601851837405
0,-0.02653208252828035
0,0.017987045565841492
0,0.03104065822290722
0,-0.012976139656015268
0,0.01061073907838081
0,0.017198932007904427
0,0.027860877223265135
0,0.0003839568381081848
0,0.09815766412727658
0,0.13459852883637222
0,0.10481174949841449
0,0.09312587492729552
0,0.14258967235967976
1,0.13302387738442525
0,0.14051738533716077
0,0.03782755882723926
0,0.08256928107994838
0,0.1633147017331392
0,-0.025615818420170702
0,-0.021876473574275218
0,0.05206604409278451
0,-0.010505807421499203
0,0.1354763781352192
0,0.24227924719113766
0,0.10561824146837451
0,0.12410298666333291
0,0.018231758332530407
0,-0.08227784719906708
0,0.13605776270641043
0,-0.02401112957700212
0,0.0752137861391862
0,-0.037998235647737674
0,0.06580977911027436
0,0.1185152984230542
0,0.011560835637975997
0,0.10046585823737897
0,0.019865716337103517
0,-0.03913735181194131
0,-0.006585594567128011
0,0.16986261421509005
0,0.049809382178759826
0,-0.03851360412994259
0,0.09140511265161447
0,0.12693335601030997
0,-0.016742487906477282
0,-0.017286543014813194
0,0.020254986292489785
0,-0.004132076897484488
0,-0.018254220899261778
0,0.18273885425726802
0,-0.021969298352138858
0,0.06385658358879137
0,-0.04188827969425239
0,0.05503946499033402
0,0.052395079515278
0,0.05051239978870403
0,0.029407834153782342
0,0.04421951279835071
0,0.00467116582990168
0,-0.03718066889822928
0,0.08483064997371817
0,0.004474899914104047
0,-0.010684289777908793
0,-0.049503474803246156
0,0.14533314366047398
0,0.15749474662331772
0,0.035108249296848054
0,0.06204886954749833
0,0.04858423591461314
0,0.10084031846140037
0,0.05455726815104145
0,-0.022979561475580876
0,0.12996118792244557
0,0.040757895948399014
0,0.07488304313477617
1,0.11966000693011111
1,0.1735125370691936
0,-0.012908937552317715
0,0.11329397414194639
0,-0.06964422009619148
0,0.05054460112828349
0,0.10652386397233668
0,0.11944299489223495
0,0.07263073741192383
0,0.05898891758202024
0,0.07539019914588077
0,0.15774161426458957
0,-0.004619236547239863
0,-0.031910525644748
0,-0.010386530509282982
0,0.20673007060840212
0,0.0025253941253206014
0,-0.05326134631472644
1,0.14950454333677107
0,-0.016137329450693946
0,0.16245779141273578
0,0.1747443551205343
0,0.006408431295462286
0,0.03242312738525574
0,0.1468113949733111
0,-0.03077652351917605
0,0.0009662726819678058
0,-0.028680372771398607
0,-0.016178453149611194
0,0.011527998524000965
0,0.13559791423251047
0,-0.022175171005943822
0,-0.029512489475858245
0,0.03257998838654105
0,0.003121129437458431
0,0.2612163932191268
0,0.09048076483590142
0,-0.02426839646464235
0,0.04712778045284122
0,0.053294724446807606
0,0.011683233317138081
0,-0.019662946387073874
0,0.10665561646486682
0,0.04993184348675764
0,0.17542957387664918
0,0.06585704799910422
0,0.028682449277180055
0,0.002091943227940804
0,0.019730441310132796
1,0.21762881607868798
0,0.2074795672208666
0,0.07503380825357187
0,-0.03882652049884813
0,-0.016538013698313578
0,-0.01625754987637866
1,0.12757021483586392
0,0.1491579113671044
0,0.020694227407979215
1,0.14279879497851058
0,0.026750431412703474
0,0.04280785080487218
0,0.17298982929985549
0,-0.010212663393911497
0,0.003747870690843813
0,-0.007997794970849043
0,0.13026040805014907
0,0.0662352992915225
0,0.04627183607033178
0,0.057126076458122066
0,0.14333620046524695
0,0.059653700936244
0,0.04239914559293653
1,0.10757425849611996
1,0.1712944740715797
0,0.04429326094479291
0,0.01709787167699986
0,0.010106100943871599
0,0.019656967335509673
0,0.12415087962674909
0,0.0645256966328597
0,0.12039891436626846
0,0.08505609875283945
1,0.04091833150146171
0,-0.023031128253400757
0,0.023932049401209188
0,-0.027985019943917833
0,0.1425743289540242
0,-0.010979834722736406
0,0.1241814999664344
0,0.011510555192330546
0,-0.0052738951242891075
0,0.1857633339900898
0,0.02325799129977202
0,0.09610132509573271
0,-0.009414033767996072
0,0.001866423425805619
0,0.000128964495584874
0,-0.03135333466290141
0,-0.006629263660103468
0,-0.025064453765386963
0,0.021342010777502862
0,-0.05764041380884488
0,-0.045454407165112995
0,-0.04301863536415229
0,0.044612913882754984
0,0.0011159575148230877
0,0.15547813562785492
0,0.04723497413767977
0,0.08226222919450929
0,0.19707493346705615
0,0.027208979602194927
0,0.19481084541667762
1,0.12139308259848236
0,-0.021729907180293453
0,-0.012063345446677087
0,0.01697740286960661
0,0.05258118707555037
0,-0.04944189069163277
0,0.020887836446627173
0,0.060772271598497934
0,0.08290034916722722
0,0.11356818412592973
0,0.003172766198809379
0,0.28364420314118155
0,0.05661815583288113
0,0.032808565071565376
0,0.08831243245203538
0,-0.020553575891037804
0,0.18254324578710987
0,0.23430469829695624
0,0.049712093316623074
0,0.1558464685846361
0,0.009895443923196079
0,0.1535497681113039
0,0.06304235424311733
0,-0.009843938754549322
0,0.07765603119592257
0,0.0631733335769136
0,0.18893135423135746
0,-0.05336307295292554
0,0.02269591242506322
0,-0.021286800843833692
0,-0.0167454190560323
0,0.07223873804954586
0,0.04836253547764163
1,0.11763222140161611
0,0.16260130737220244
0,-0.05275068110582112
0,0.03169557931109793
0,0.11025890201501773
1,0.11076310909824486
0,0.029544041956461903
0,0.20825935516561664
0,0.02019842806812533
0,-0.001727119980104469
0,0.12873107606939163
0,-0.010462194919898124
0,-0.03643619412490806
0,0.04768597344055553
0,0.015788384422095625
0,0.18739083562245587
0,0.027134506223428473
0,-0.021262966282233703
0,0.04113535780587299
0,0.11197572500960346
1,0.14868638004097864
0,-0.00868911021293002
0,0.07087483677069539
0,-0.03464384112167737
0,0.008141982354332916
0,0.10307272763773354
0,-0.001972861510021809
0,0.0726460838518464
0,0.04603065537191722
0,0.21494261840102777
0,-0.0007216555140051456
0,0.01773848688303395
0,0.2013267312796471
0,0.17012515183731172
0,-0.0570511037467355
0,0.11187383852015506
0,0.09549617260113735
0,0.058476402555807244
0,0.12091104440161171
0,-0.03641933544850749
0,0.12010746335547079
0,-0.0025274271946620908
0,0.12208425449979876
0,0.05398943890450636
0,0.11564225649732807
0,0.02459743791843602
0,0.13957296954322532
0,0.1499114229430407
1,0.13568657473551818
0,0.044185910887840074
1,0.005465195988080568
1,0.022776034572816017
0,0.12740454708802354
0,-0.024566703908582732
0,0.10941855148362958
0,0.11409059915780762
0,-0.006998061851664281
0,0.01312910414081031
0,-0.016518578178147877
0,-0.017039085257771924
0,0.027764003352321348
0,0.17213421133980664
0,0.017460388990454073
0,0.20452444236115067
0,-0.04214443018457935
0,0.03490483019362953
0,0.08468922253916611
0,-0.03137188335808898
0,0.09080864284220508
0,0.1430226341245481
0,0.16947173996139767
0,0.2678263472718698
0,-0.02323344709461822
0,-0.058839050644797705
0,0.063202463240499
0,0.058971787397293085
0,0.09665858002936359
1,0.13812127258023923
0,0.03972300600654563
0,0.1301398354566882
0,0.1942676814577657
0,0.059902504271231116
0,0.05707778147612819
0,0.07605966548680179
1,0.07474054963013396
1,0.28518609348598456
0,0.16685779662578568
0,-0.031231491116426285
0,0.19411166687509787
0,0.04433810193502358
0,0.002501972641715061
0,0.08830590722506976
0,-0.014415474221957797
0,0.06120389867018347
0,-0.06248667953513112
0,0.039926756498905064
0,0.02875026745841039
0,0.18295711675994894
0,0.0869950096550812
1,0.022289032644696394
0,0.04395052612344161
0,0.12816779709467516
0,-0.02310488453996816
0,0.04346089913958154
0,0.11708692977110557
0,-0.05721613150985623
0,0.08632709231102981
0,-0.007974454861011851
0,0.07588934071134135
0,0.02023741958423181
0,-0.055237982954141035
0,-0.039718716572890084
0,0.17516486951288338
0,0.045709264416562506
0,0.017722876923032732
0,-0.0023091729395480903
0,0.013752127332309266
0,0.04567013692991942
0,0.16269927501145162
0,0.11103659693658599
0,0.08040307824956028
0,0.002260865609848506
0,-0.016417012783050786
0,0.2252431157032949
0,0.006805458815396737
0,0.12741161879727428
0,-0.003194273229039979
0,0.0016161274062274217
0,0.007733688404994193
0,0.03136931736597301
0,-0.036005049192063876
0,-0.021089717958502757
0,-0.011415496864970148
0,0.1500314971399289
0,0.0016942212319616956
0,0.08594425718492055
0,0.14147481815562965
0,0.12487955374545709
0,0.11089504984784707
0,0.010589420048495085
0,-0.019859909343362223
0,0.015812944943119134
0,0.03866668530805728
0,0.015944402108702405
0,0.12715610216701026
0,-0.01523999562422626
1,0.10258367561413531
0,0.027977495313249168
0,-0.03178583699094373
0,0.017897703382384944
0,0.034414212255323234
0,0.1299224264585789
0,-0.016901582234966406
0,0.10234774079369202
0,0.0036214625214454343
0,-0.034591235318259625
0,0.09782373554510815
0,0.11980857454390054
0,0.017730696167980176
1,0.27076971114037796
1,0.25463495329470043
0,0.017602880790827363
0,0.17106879087174762
0,0.11565031392686623
0,0.05471899829046545
0,-0.0038449149896459117
0,0.07213909948135122
0,-0.007027676210093814
0,0.0726656033017832
0,0.06778226197446233
0,0.068117884535213
0,0.03910667904804052
0,-0.03724624576114015
0,-0.02066549291112746
0,0.028096304023872615
0,-0.017381861241071495
0,0.04812577530232798
0,0.17767536198311576
0,0.07941338550480834
0,0.08314722701310376
0,0.06252707351767384
0,0.17547815065956726
0,0.0827303773397198
1,0.2119598079552126
0,0.16769041031706908
0,0.10140742016229667
0,0.054194945890380375
0,-0.036548477726573284
0,0.1765238223949913
0,-0.015242022575297054
0,0.11113709518582798
0,-0.022713461296056198
0,-0.03499320959079222
0,0.19199165621731115
0,-0.0017869686668674778
0,0.027326275117392357
0,0.10463061854586006
0,0.06459913894375408
0,0.10927738655385752
0,0.005173569880341261
0,-0.017052787487536303
0,0.06601041838637853
0,0.09662748197677865
0,0.11300681196741341
0,0.08134440493312911
0,-0.03859903312009602
0,0.14987573991127143
0,0.1024828539131512
0,0.22967863747804465
0,0.19074548491651003
0,0.09553695110175131
1,0.02372506691997936
0,0.10986669802507651
0,0.1214677168236721
0,0.1724711878681455
0,-0.01954736768839614
0,0.02811376611598479
0,0.0742931628439768
0,0.02646434954806115
0,-0.04655953333148294
